{"cameraMode":{"drawMode":0,"name":"Shaded","section":"Shading Mode"},"sceneLighting":true,"audioPlay":false,"sceneViewState":{"showFog":true,"showMaterialUpdate":false,"showSkybox":true,"showFlares":true,"showImageEffects":true,"showParticleSystems":true},"in2DMode":false,"pivot":{"x":-1.0759286880493165,"y":-1.3047128915786744,"z":2.504296064376831},"rotation":{"x":0.15365080535411836,"y":-0.33059507608413699,"z":0.054642584174871448,"w":0.9295796155929565},"size":9.11886978149414,"orthographic":false}