{"cameraMode":{"drawMode":0,"name":"Shaded","section":"Shading Mode"},"sceneLighting":true,"audioPlay":false,"sceneViewState":{"showFog":true,"showMaterialUpdate":false,"showSkybox":true,"showFlares":true,"showImageEffects":true,"showParticleSystems":true},"in2DMode":false,"pivot":{"x":1125.3228759765625,"y":119.06144714355469,"z":0.0},"rotation":{"x":0.08417587727308274,"y":-0.02808568999171257,"z":0.002373016905039549,"w":0.9960560202598572},"size":1260.691162109375,"orthographic":false}