{"cameraMode":{"drawMode":0,"name":"Shaded","section":"Shading Mode"},"sceneLighting":true,"audioPlay":false,"sceneViewState":{"showFog":true,"showMaterialUpdate":false,"showSkybox":true,"showFlares":true,"showImageEffects":true,"showParticleSystems":true},"in2DMode":false,"pivot":{"x":1174.731201171875,"y":297.2270812988281,"z":0.0},"rotation":{"x":0.12135790288448334,"y":0.04942085221409798,"z":-0.006050498224794865,"w":0.9913623929023743},"size":977.9153442382813,"orthographic":true}